sigla,grupo,has_diretivo,has_entregas,url_diretivo,url_entregas
ABIN,,False,True,,https://www.gov.br/governodigital/pt-br/estrategias-e-governanca-digital/planos-de-transformacao-digital/ptds-vigentes/abin_ptd_anexo_de_entregas_assinado_pelo_orgao_assinado_assinado_copia_tarjada.pdf
AEB,,True,True,https://www.gov.br/governodigital/pt-br/estrategias-e-governanca-digital/planos-de-transformacao-digital/ptds-vigentes/aeb_ptd_2025_2027_docdiretivo_aprovado_assinado-1_assinado_assinado-copia_tarjada.pdf,https://www.gov.br/governodigital/pt-br/estrategias-e-governanca-digital/planos-de-transformacao-digital/ptds-vigentes/aeb_ptd_2025_2027_anexo_de_entregas_aprovado_assinado-1_assinado_assinado-copia_tarjada.pdf
AGU,,True,True,https://www.gov.br/governodigital/pt-br/estrategias-e-governanca-digital/planos-de-transformacao-digital/ptds-vigentes/agu_ptd_2025_2027_docdiretivo_assinado_assinado_assinado-copia_tarjada.pdf,https://www.gov.br/governodigital/pt-br/estrategias-e-governanca-digital/planos-de-transformacao-digital/ptds-vigentes/agu_ptd_2025_2027_anexo_de_entregas_assinado_assinado_assinado-copia_tarjada.pdf
ANA,,True,True,https://www.gov.br/governodigital/pt-br/estrategias-e-governanca-digital/planos-de-transformacao-digital/ptds-vigentes/ana_ptd_2025_2027_docdiretivo_assinado_assinado_assinado_tarjado.pdf,https://www.gov.br/governodigital/pt-br/estrategias-e-governanca-digital/planos-de-transformacao-digital/ptds-vigentes/ana_ptd_2025_2027_anexoentregas_assinado_assinado_assinado.pdf
ANAC,,True,True,https://www.gov.br/governodigital/pt-br/estrategias-e-governanca-digital/planos-de-transformacao-digital/ptds-vigentes/anac_ptd_2025_2026_docdiretivo_se_assinado_tarjado.pdf,https://www.gov.br/governodigital/pt-br/estrategias-e-governanca-digital/planos-de-transformacao-digital/ptds-vigentes/anac_ptd_2025_2026_anexo_de_entregas_se_assinado.pdf
ANATEL,,True,True,https://www.gov.br/governodigital/pt-br/estrategias-e-governanca-digital/planos-de-transformacao-digital/ptds-vigentes/anatel_ptd_docdiretivo_assinado_2025_2026_assinado_assinado-copia_tarjada.pdf,https://www.gov.br/governodigital/pt-br/estrategias-e-governanca-digital/planos-de-transformacao-digital/ptds-vigentes/anatel_ptd_2025_2026_anexo_de_entregas_do_ptd_publicado.pdf
ANCINE,,True,True,https://www.gov.br/governodigital/pt-br/estrategias-e-governanca-digital/planos-de-transformacao-digital/ptds-vigentes/ancine_ptd_2024_2026_docdiretivo_assinado-2_assinado_assinado-copia_tarjada.pdf,https://www.gov.br/governodigital/pt-br/estrategias-e-governanca-digital/planos-de-transformacao-digital/ptds-vigentes/ancine_ptd_2024_2026_-_anexo_de_entregas_aprovado_assinado-2_assinado_assinado-copia_tarjada.pdf
ANEEL,,True,True,https://www.gov.br/governodigital/pt-br/estrategias-e-governanca-digital/planos-de-transformacao-digital/ptds-vigentes/ptd_aneel_2025-2027_docdiretivo_assinado_tarjado.pdf,https://www.gov.br/governodigital/pt-br/estrategias-e-governanca-digital/planos-de-transformacao-digital/ptds-vigentes/ptd_aneel_2025-2027_anexo_de_entregas_assinado.pdf
ANM,,True,True,https://www.gov.br/governodigital/pt-br/estrategias-e-governanca-digital/planos-de-transformacao-digital/ptds-vigentes/anm_ptd_2025_2027_docdiretivo_assinadopeloorgao_tarjado.pdf,https://www.gov.br/governodigital/pt-br/estrategias-e-governanca-digital/planos-de-transformacao-digital/ptds-vigentes/anm_ptd_2025_2027_anexo_entregas_assinadopeloorgao.pdf
ANPD,,True,True,https://www.gov.br/governodigital/pt-br/estrategias-e-governanca-digital/planos-de-transformacao-digital/ptds-vigentes/anpd_ptd_2025_2027_docdiretivo_assinado_assinado_assinado-copia_tarjada.pdf,https://www.gov.br/governodigital/pt-br/estrategias-e-governanca-digital/planos-de-transformacao-digital/ptds-vigentes/anpd_ptd_2025_2027_anexo_de_entregas_assinado_assinado_assinado-copia_tarjada.pdf
ANS,,True,True,https://www.gov.br/governodigital/pt-br/estrategias-e-governanca-digital/planos-de-transformacao-digital/ptds-vigentes/ans-plano_de_transformacao_digital_assinado-copia_tarjada.pdf,https://www.gov.br/governodigital/pt-br/estrategias-e-governanca-digital/planos-de-transformacao-digital/ptds-vigentes/ans_ptd_2025_2026_anexo_de_entregas_assinado_assinado_assinado-copia_tarjada.pdf
ANTAQ,,True,True,https://www.gov.br/governodigital/pt-br/estrategias-e-governanca-digital/planos-de-transformacao-digital/ptds-vigentes/antaq_ptd_2025_2027_docdiretivo_assinado_assinado_assinado-copia_tarjada.pdf,https://www.gov.br/governodigital/pt-br/estrategias-e-governanca-digital/planos-de-transformacao-digital/ptds-vigentes/antaq_ptd_2025_2027_anexoentregas_assinado_assinado_assinado-copia_tarjada.pdf
ANTT,MT,False,True,,https://www.gov.br/governodigital/pt-br/estrategias-e-governanca-digital/planos-de-transformacao-digital/ptds-vigentes/mt_anexo_de_entregas_-_assinado_assinado_assinado_copia_tarjada.pdf
ANVISA,,True,True,https://www.gov.br/governodigital/pt-br/estrategias-e-governanca-digital/planos-de-transformacao-digital/ptds-vigentes/anvisa_ptd_docdiretivo_2025-2026_assinado_assinado_assinado-copia_tarjada.pdf,https://www.gov.br/governodigital/pt-br/estrategias-e-governanca-digital/planos-de-transformacao-digital/ptds-vigentes/anvisa_ptd_anexo_de_entregas_2025_2026_assinado_assinado_assinado-copia_tarjada.pdf
BCB,,True,True,https://www.gov.br/governodigital/pt-br/estrategias-e-governanca-digital/planos-de-transformacao-digital/ptds-vigentes/bcb_documento_diretivo_assinado_assinado_assinado-copia_tarjada.pdf,https://www.gov.br/governodigital/pt-br/estrategias-e-governanca-digital/planos-de-transformacao-digital/ptds-vigentes/bcb_anexo_de_entregas_ptd_25_26-1_assinado_assinado_copia_tarjada.pdf
CADE,,True,True,https://www.gov.br/governodigital/pt-br/estrategias-e-governanca-digital/planos-de-transformacao-digital/ptds-vigentes/cade_ptd_docdiretivo_2025_2026_assinado-2_assinado_assinado-copia_tarjada.pdf,https://www.gov.br/governodigital/pt-br/estrategias-e-governanca-digital/planos-de-transformacao-digital/ptds-vigentes/cade_ptd_anexo_de_entregas_2025_2026_assinado_copia_tarjada.pdf
CAPES,MEC,True,True,https://www.gov.br/governodigital/pt-br/estrategias-e-governanca-digital/planos-de-transformacao-digital/ptds-vigentes/mec_ptd_docdiretivo_2025-2026_sei_mec-5566673_copia_tarjada.pdf,https://www.gov.br/governodigital/pt-br/estrategias-e-governanca-digital/planos-de-transformacao-digital/ptds-vigentes/mec_ptd_anexo-de-entregas_sei_mec-5576401_copia_tarjada.pdf
CENSIPAM,MD,True,True,https://www.gov.br/governodigital/pt-br/estrategias-e-governanca-digital/planos-de-transformacao-digital/ptds-vigentes/md_ptd_2026_2027_anexo_de_entregas_assinado_assinado_assinado_tarjado.pdf,https://www.gov.br/governodigital/pt-br/estrategias-e-governanca-digital/planos-de-transformacao-digital/ptds-vigentes/md_ptd_2026_2027_anexo_de_entregas_assinado_assinado_assinado.pdf
CEX,MD,True,True,https://www.gov.br/governodigital/pt-br/estrategias-e-governanca-digital/planos-de-transformacao-digital/ptds-vigentes/md_ptd_2026_2027_anexo_de_entregas_assinado_assinado_assinado_tarjado.pdf,https://www.gov.br/governodigital/pt-br/estrategias-e-governanca-digital/planos-de-transformacao-digital/ptds-vigentes/md_ptd_2026_2027_anexo_de_entregas_assinado_assinado_assinado.pdf
CGU,,True,True,https://www.gov.br/governodigital/pt-br/estrategias-e-governanca-digital/planos-de-transformacao-digital/ptds-vigentes/cgu_ptd_docdiretivo_assinado_assinado_assinado-copia_tarjada.pdf,https://www.gov.br/governodigital/pt-br/estrategias-e-governanca-digital/planos-de-transformacao-digital/ptds-vigentes/cgu_ptd_anexo_de_entregas_pactuadas_assinado_assinado_assinado-copia_tarjada.pdf
CM,MD,True,True,https://www.gov.br/governodigital/pt-br/estrategias-e-governanca-digital/planos-de-transformacao-digital/ptds-vigentes/md_ptd_2026_2027_anexo_de_entregas_assinado_assinado_assinado_tarjado.pdf,https://www.gov.br/governodigital/pt-br/estrategias-e-governanca-digital/planos-de-transformacao-digital/ptds-vigentes/md_ptd_2026_2027_anexo_de_entregas_assinado_assinado_assinado.pdf
CNPQ,,True,True,https://www.gov.br/governodigital/pt-br/estrategias-e-governanca-digital/planos-de-transformacao-digital/ptds-vigentes/cnpq_ptd_2025_2027_docdiretivo_assinado_assinado_assinado-1-1.pdf,https://www.gov.br/governodigital/pt-br/estrategias-e-governanca-digital/planos-de-transformacao-digital/ptds-vigentes/cnpq_ptd_2025_2027_anexo_de_entregas_assinado_assinado_assinado-1.pdf
COAF,,True,True,https://www.gov.br/governodigital/pt-br/estrategias-e-governanca-digital/planos-de-transformacao-digital/ptds-vigentes/coaf_ptd_2025_2026_documento_diretivo_assinado_assinado-copia_tarjada.pdf,https://www.gov.br/governodigital/pt-br/estrategias-e-governanca-digital/planos-de-transformacao-digital/ptds-vigentes/coaf_ptd_2025_2026_anexo_de_entregas-2_assinado_assinado-copia_tarjada.pdf
CODEVASF,MIDR,True,True,https://www.gov.br/governodigital/pt-br/estrategias-e-governanca-digital/planos-de-transformacao-digital/ptds-vigentes/ptd_midr-docdiretivo_aprovado_assinado_tarjado.pdf,https://www.gov.br/governodigital/pt-br/estrategias-e-governanca-digital/planos-de-transformacao-digital/ptds-vigentes/ptd_midr_-_anexo_de_entregas_-_aprovado_assinado.pdf
COMAER,MD,True,True,https://www.gov.br/governodigital/pt-br/estrategias-e-governanca-digital/planos-de-transformacao-digital/ptds-vigentes/md_ptd_2026_2027_anexo_de_entregas_assinado_assinado_assinado_tarjado.pdf,https://www.gov.br/governodigital/pt-br/estrategias-e-governanca-digital/planos-de-transformacao-digital/ptds-vigentes/md_ptd_2026_2027_anexo_de_entregas_assinado_assinado_assinado.pdf
CONAB,MDA,True,True,https://www.gov.br/governodigital/pt-br/estrategias-e-governanca-digital/planos-de-transformacao-digital/ptds-vigentes/mda-documento-diretivo-assinado_ptd-2025-207-copia-tarjada.pdf,https://www.gov.br/governodigital/pt-br/estrategias-e-governanca-digital/planos-de-transformacao-digital/ptds-vigentes/mda-documento-diretivo-assinado_ptd-2025-207-copia-tarjada.pdf
CVM,,True,True,https://www.gov.br/governodigital/pt-br/estrategias-e-governanca-digital/planos-de-transformacao-digital/ptds-vigentes/cvm_ptd_2025_2027_docdiretivo_assinado_assinado_assinado_tarjado.pdf,https://www.gov.br/governodigital/pt-br/estrategias-e-governanca-digital/planos-de-transformacao-digital/ptds-vigentes/cvm_ptd_2025_2027_anexoentregas_assinado_assinado_assinado.pdf
DNIT,MT,False,True,,https://www.gov.br/governodigital/pt-br/estrategias-e-governanca-digital/planos-de-transformacao-digital/ptds-vigentes/mt_anexo_de_entregas_-_assinado_assinado_assinado_copia_tarjada.pdf
DNOCS,,True,True,https://www.gov.br/governodigital/pt-br/estrategias-e-governanca-digital/planos-de-transformacao-digital/ptds-vigentes/dnocs_ptd_doc_diretivo_2025_2026_assinado_orgao-2_assinado_assinado-copia_tarjada.pdf,https://www.gov.br/governodigital/pt-br/estrategias-e-governanca-digital/planos-de-transformacao-digital/ptds-vigentes/dnocs_anexo_de_entregas_repactuado_2025_2026_assinado_assinado_assinado.pdf
EBSERH,MEC,True,True,https://www.gov.br/governodigital/pt-br/estrategias-e-governanca-digital/planos-de-transformacao-digital/ptds-vigentes/mec_ptd_docdiretivo_2025-2026_sei_mec-5566673_copia_tarjada.pdf,https://www.gov.br/governodigital/pt-br/estrategias-e-governanca-digital/planos-de-transformacao-digital/ptds-vigentes/mec_ptd_anexo-de-entregas_sei_mec-5576401_copia_tarjada.pdf
FBN,,True,True,https://www.gov.br/governodigital/pt-br/estrategias-e-governanca-digital/planos-de-transformacao-digital/ptds-vigentes/fbn_ptd_2025_2027_docdiretivo_assinado-1_tarjado.pdf,https://www.gov.br/governodigital/pt-br/estrategias-e-governanca-digital/planos-de-transformacao-digital/ptds-vigentes/fbn_ptd_2025_2027_anexo_de_entregas_assinado-1.pdf
FCP,,True,True,https://www.gov.br/governodigital/pt-br/estrategias-e-governanca-digital/planos-de-transformacao-digital/ptds-vigentes/fcp_ptd_2025_2027_docdiretivo_assinado-1_tarjado.pdf,https://www.gov.br/governodigital/pt-br/estrategias-e-governanca-digital/planos-de-transformacao-digital/ptds-vigentes/fcp_ptd_2025_2027_anexo_de_entregas_assinado-1.pdf
FCRB,,True,True,https://www.gov.br/governodigital/pt-br/estrategias-e-governanca-digital/planos-de-transformacao-digital/ptds-vigentes/fcrb_ptd_2025_2026_docdiretivo_aprovado_assinado-1_assinado_assinado-copia_tarjada.pdf,https://www.gov.br/governodigital/pt-br/estrategias-e-governanca-digital/planos-de-transformacao-digital/ptds-vigentes/fcrb_ptd_2025_2026_anexo_de_entregas_aprovado_assinado-1_assinado_assinado-copia_tarjada.pdf
FIOCRUZ,,True,True,https://www.gov.br/governodigital/pt-br/estrategias-e-governanca-digital/planos-de-transformacao-digital/ptds-vigentes/fiocruz_novo-ptd_2-1_docdiretivo_repactuacao_2024-2026_assinado_assinado-copia_tarjada.pdf,https://www.gov.br/governodigital/pt-br/estrategias-e-governanca-digital/planos-de-transformacao-digital/ptds-vigentes/fiocruz_ptd_anexo_de_entregas_assinado_v1_assinado_assinado-1-copia_tarjada.pdf
FNDE,MEC,True,True,https://www.gov.br/governodigital/pt-br/estrategias-e-governanca-digital/planos-de-transformacao-digital/ptds-vigentes/mec_ptd_docdiretivo_2025-2026_sei_mec-5566673_copia_tarjada.pdf,https://www.gov.br/governodigital/pt-br/estrategias-e-governanca-digital/planos-de-transformacao-digital/ptds-vigentes/mec_ptd_anexo-de-entregas_sei_mec-5576401_copia_tarjada.pdf
FOSORIO,MD,True,True,https://www.gov.br/governodigital/pt-br/estrategias-e-governanca-digital/planos-de-transformacao-digital/ptds-vigentes/md_ptd_2026_2027_anexo_de_entregas_assinado_assinado_assinado_tarjado.pdf,https://www.gov.br/governodigital/pt-br/estrategias-e-governanca-digital/planos-de-transformacao-digital/ptds-vigentes/md_ptd_2026_2027_anexo_de_entregas_assinado_assinado_assinado.pdf
FUNAI,,True,True,https://www.gov.br/governodigital/pt-br/estrategias-e-governanca-digital/planos-de-transformacao-digital/ptds-vigentes/funai_ptd_2025_2027_docdiretivo_assinado-1_tarjado.pdf,https://www.gov.br/governodigital/pt-br/estrategias-e-governanca-digital/planos-de-transformacao-digital/ptds-vigentes/funai_anexo_de_entregas_repactuado_2026_2027_assinado_assinado_assinado.pdf
FUNARTE,,True,True,https://www.gov.br/governodigital/pt-br/estrategias-e-governanca-digital/planos-de-transformacao-digital/ptds-vigentes/funarte_ptd_docdiretivo_assinado_21_01_2025_assinado_assinado-copia_tarjada.pdf,https://www.gov.br/governodigital/pt-br/estrategias-e-governanca-digital/planos-de-transformacao-digital/ptds-vigentes/funarte_ptd_anexo_de_entregas_assinado_v1_assinado_assinado-copia_tarjada.pdf
FUNDACENTRO,,True,True,https://www.gov.br/governodigital/pt-br/estrategias-e-governanca-digital/planos-de-transformacao-digital/ptds-vigentes/fundacentro_ptd_2025_2027_docdiretivo_assinado_assinado_assinado-copia_tarjada.pdf,https://www.gov.br/governodigital/pt-br/estrategias-e-governanca-digital/planos-de-transformacao-digital/ptds-vigentes/fundacentro_ptd_2025_2027_anexo_de_entregas_assinado_assinado_assinado-copia_tarjada.pdf
FUNDAJ,MEC,True,True,https://www.gov.br/governodigital/pt-br/estrategias-e-governanca-digital/planos-de-transformacao-digital/ptds-vigentes/mec_ptd_docdiretivo_2025-2026_sei_mec-5566673_copia_tarjada.pdf,https://www.gov.br/governodigital/pt-br/estrategias-e-governanca-digital/planos-de-transformacao-digital/ptds-vigentes/mec_ptd_anexo-de-entregas_sei_mec-5576401_copia_tarjada.pdf
HFA,MD,True,True,https://www.gov.br/governodigital/pt-br/estrategias-e-governanca-digital/planos-de-transformacao-digital/ptds-vigentes/md_ptd_2026_2027_anexo_de_entregas_assinado_assinado_assinado_tarjado.pdf,https://www.gov.br/governodigital/pt-br/estrategias-e-governanca-digital/planos-de-transformacao-digital/ptds-vigentes/md_ptd_2026_2027_anexo_de_entregas_assinado_assinado_assinado.pdf
IBAMA,MMA,True,True,https://www.gov.br/governodigital/pt-br/estrategias-e-governanca-digital/planos-de-transformacao-digital/ptds-vigentes/mma_ptd_docdiretivo_assinado_2025_2026-1_assinado_assinado-copia_tarjada.pdf,https://www.gov.br/governodigital/pt-br/estrategias-e-governanca-digital/planos-de-transformacao-digital/ptds-vigentes/mma_ptd_anexo_de_entregas_aprovado_final_assinado_assinado-copia_tarjada.pdf
IBC,MEC,True,True,https://www.gov.br/governodigital/pt-br/estrategias-e-governanca-digital/planos-de-transformacao-digital/ptds-vigentes/mec_ptd_docdiretivo_2025-2026_sei_mec-5566673_copia_tarjada.pdf,https://www.gov.br/governodigital/pt-br/estrategias-e-governanca-digital/planos-de-transformacao-digital/ptds-vigentes/mec_ptd_anexo-de-entregas_sei_mec-5576401_copia_tarjada.pdf
IBGE,,True,True,https://www.gov.br/governodigital/pt-br/estrategias-e-governanca-digital/planos-de-transformacao-digital/ptds-vigentes/ibge_docdiretivo_2025_assinado_assinado_assinado-copia_tarjada.pdf,https://www.gov.br/governodigital/pt-br/estrategias-e-governanca-digital/planos-de-transformacao-digital/ptds-vigentes/ibge_ptd_25_26_anexo_de_entregas_modelo_v2-1_assinado-1_assinado_assinado_copia_tarjada.pdf
ICMBIO,MMA,True,True,https://www.gov.br/governodigital/pt-br/estrategias-e-governanca-digital/planos-de-transformacao-digital/ptds-vigentes/mma_ptd_docdiretivo_assinado_2025_2026-1_assinado_assinado-copia_tarjada.pdf,https://www.gov.br/governodigital/pt-br/estrategias-e-governanca-digital/planos-de-transformacao-digital/ptds-vigentes/mma_ptd_anexo_de_entregas_aprovado_final_assinado_assinado-copia_tarjada.pdf
INCRA,,True,True,https://www.gov.br/governodigital/pt-br/estrategias-e-governanca-digital/planos-de-transformacao-digital/ptds-vigentes/incra_ptd_docdiretivo__assinado-1_assinado_assinado-copia_tarjada.pdf,https://www.gov.br/governodigital/pt-br/estrategias-e-governanca-digital/planos-de-transformacao-digital/ptds-vigentes/incra_anexo_de_entregas_assinado-1_assinado_assinado-copia_tarjada.pdf
INEP,MEC,True,True,https://www.gov.br/governodigital/pt-br/estrategias-e-governanca-digital/planos-de-transformacao-digital/ptds-vigentes/mec_ptd_docdiretivo_2025-2026_sei_mec-5566673_copia_tarjada.pdf,https://www.gov.br/governodigital/pt-br/estrategias-e-governanca-digital/planos-de-transformacao-digital/ptds-vigentes/mec_ptd_anexo-de-entregas_sei_mec-5576401_copia_tarjada.pdf
INES,MEC,True,True,https://www.gov.br/governodigital/pt-br/estrategias-e-governanca-digital/planos-de-transformacao-digital/ptds-vigentes/mec_ptd_docdiretivo_2025-2026_sei_mec-5566673_copia_tarjada.pdf,https://www.gov.br/governodigital/pt-br/estrategias-e-governanca-digital/planos-de-transformacao-digital/ptds-vigentes/mec_ptd_anexo-de-entregas_sei_mec-5576401_copia_tarjada.pdf
INPI,,True,True,https://www.gov.br/governodigital/pt-br/estrategias-e-governanca-digital/planos-de-transformacao-digital/ptds-vigentes/inpi_ptd_docdiretivo_assinado_2025_2026_assinado_assinado.pdf,https://www.gov.br/governodigital/pt-br/estrategias-e-governanca-digital/planos-de-transformacao-digital/ptds-vigentes/inpi_ptd_anexo_de_entregas_assinado_v1_assinado_assinado.pdf
INSS,,True,True,https://www.gov.br/governodigital/pt-br/estrategias-e-governanca-digital/planos-de-transformacao-digital/ptds-vigentes/inss_ptd_2025_2027_docdiretivo-assinado-copia_tarjada.pdf,https://www.gov.br/governodigital/pt-br/estrategias-e-governanca-digital/planos-de-transformacao-digital/ptds-vigentes/inss_ptd_2025_2027_anexo_de_entregas-assinado-copia_tarjada.pdf
IPHAN,,True,True,https://www.gov.br/governodigital/pt-br/estrategias-e-governanca-digital/planos-de-transformacao-digital/ptds-vigentes/iphan_ptd_docdiretivo_assinado_2025_2026_assinado_assinado-copia_tarjada.pdf,https://www.gov.br/governodigital/pt-br/estrategias-e-governanca-digital/planos-de-transformacao-digital/ptds-vigentes/iphan_ptd_anexo_de_entregas_assinado_v1_assinado_assinado-copia_tarjada.pdf
ITI,,True,True,https://www.gov.br/governodigital/pt-br/estrategias-e-governanca-digital/planos-de-transformacao-digital/ptds-vigentes/iti_doc_diretivo_assinado-1_tarjado.pdf,https://www.gov.br/governodigital/pt-br/estrategias-e-governanca-digital/planos-de-transformacao-digital/ptds-vigentes/iti_anexo_de_entregas_assinado.pdf
JBRJ,MMA,True,True,https://www.gov.br/governodigital/pt-br/estrategias-e-governanca-digital/planos-de-transformacao-digital/ptds-vigentes/mma_ptd_docdiretivo_assinado_2025_2026-1_assinado_assinado-copia_tarjada.pdf,https://www.gov.br/governodigital/pt-br/estrategias-e-governanca-digital/planos-de-transformacao-digital/ptds-vigentes/mma_ptd_anexo_de_entregas_aprovado_final_assinado_assinado-copia_tarjada.pdf
MAPA,,True,True,https://www.gov.br/governodigital/pt-br/estrategias-e-governanca-digital/planos-de-transformacao-digital/ptds-vigentes/mapa_ptd_2025_2027_docdiretivo_assinado-1_tarjado.pdf,https://www.gov.br/governodigital/pt-br/estrategias-e-governanca-digital/planos-de-transformacao-digital/ptds-vigentes/mapa_ptd_2025_2027_anexo_de_entregas_assinado-1.pdf
MCOM,,True,True,https://www.gov.br/governodigital/pt-br/estrategias-e-governanca-digital/planos-de-transformacao-digital/ptds-vigentes/documento-diretivo-mcom-_-ptd-25_27-copia_tarjada.pdf,https://www.gov.br/governodigital/pt-br/estrategias-e-governanca-digital/planos-de-transformacao-digital/ptds-vigentes/anexo-de-entregas-mcom_ptd-25_27-copia_tarjada.pdf
MCTI,,True,True,https://www.gov.br/governodigital/pt-br/estrategias-e-governanca-digital/planos-de-transformacao-digital/ptds-vigentes/mcti_ptd_2025-2027_docdiretivo_assinado-copia_tarjada.pdf,https://www.gov.br/governodigital/pt-br/estrategias-e-governanca-digital/planos-de-transformacao-digital/ptds-vigentes/mcti_ptd_2025-2027_anexo-de-entregas_assinado-copia_tarjada.pdf
MD,,True,True,https://www.gov.br/governodigital/pt-br/estrategias-e-governanca-digital/planos-de-transformacao-digital/ptds-vigentes/md_ptd_2026_2027_anexo_de_entregas_assinado_assinado_assinado_tarjado.pdf,https://www.gov.br/governodigital/pt-br/estrategias-e-governanca-digital/planos-de-transformacao-digital/ptds-vigentes/md_ptd_2026_2027_anexo_de_entregas_assinado_assinado_assinado.pdf
MDA,,True,True,https://www.gov.br/governodigital/pt-br/estrategias-e-governanca-digital/planos-de-transformacao-digital/ptds-vigentes/mda-documento-diretivo-assinado_ptd-2025-207-copia-tarjada.pdf,https://www.gov.br/governodigital/pt-br/estrategias-e-governanca-digital/planos-de-transformacao-digital/ptds-vigentes/mda-documento-diretivo-assinado_ptd-2025-207-copia-tarjada.pdf
MDHC,,True,True,https://www.gov.br/governodigital/pt-br/estrategias-e-governanca-digital/planos-de-transformacao-digital/ptds-vigentes/mdhc_ptd_2025_2027_docdiretivo_assinado_assinado_assinado-copia_tarjada.pdf,https://www.gov.br/governodigital/pt-br/estrategias-e-governanca-digital/planos-de-transformacao-digital/ptds-vigentes/mdhc_ptd_2025_2027_anexoentregas_assinado_assinado_assinado-copia_tarjada.pdf
MDIC,,False,True,,https://www.gov.br/governodigital/pt-br/estrategias-e-governanca-digital/planos-de-transformacao-digital/ptds-vigentes/mdic_ptd_anexo_de_entregas_assinado_v1_assinado_assinado-1-copia_tarjada.pdf
MEC,,True,True,https://www.gov.br/governodigital/pt-br/estrategias-e-governanca-digital/planos-de-transformacao-digital/ptds-vigentes/mec_ptd_docdiretivo_2025-2026_sei_mec-5566673_copia_tarjada.pdf,https://www.gov.br/governodigital/pt-br/estrategias-e-governanca-digital/planos-de-transformacao-digital/ptds-vigentes/mec_ptd_anexo-de-entregas_sei_mec-5576401_copia_tarjada.pdf
MEMP,,True,True,https://www.gov.br/governodigital/pt-br/estrategias-e-governanca-digital/planos-de-transformacao-digital/ptds-vigentes/memp_ptd_2025_2026_docdiretivo_assinado_assinado_assinado-copia_tarjada.pdf,https://www.gov.br/governodigital/pt-br/estrategias-e-governanca-digital/planos-de-transformacao-digital/ptds-vigentes/memp_ptd_2025_2026_anexo_de_entregas_assinado_assinado_assinado-copia_tarjada.pdf
MESP,,True,True,https://www.gov.br/governodigital/pt-br/estrategias-e-governanca-digital/planos-de-transformacao-digital/ptds-vigentes/mesp_ptd_2025_2027_docdiretivo_assinado_assinado_29_assinado-copia_tarjada.pdf,https://www.gov.br/governodigital/pt-br/estrategias-e-governanca-digital/planos-de-transformacao-digital/ptds-vigentes/mesp_ptd_2025_2027_anexo_de_entregas_assinado_assinado_assinado-copia_tarjada.pdf
MF,,True,True,https://www.gov.br/governodigital/pt-br/estrategias-e-governanca-digital/planos-de-transformacao-digital/ptds-vigentes/mf_ptd_2026_2027_documentodiretivo_assinado_assinado_assinado_tarjado.pdf,https://www.gov.br/governodigital/pt-br/estrategias-e-governanca-digital/planos-de-transformacao-digital/ptds-vigentes/mf_ptd_2026_2027_anexo_de_entregas_1_mf_se_assinado_assinado_assinado_assinado.pdf
MGI,,True,True,https://www.gov.br/governodigital/pt-br/estrategias-e-governanca-digital/planos-de-transformacao-digital/ptds-vigentes/mgi_ptd_2025_2027_docdiretivo_assinado_assinado_assinado_pdf_tarjado.pdf,https://www.gov.br/governodigital/pt-br/estrategias-e-governanca-digital/planos-de-transformacao-digital/ptds-vigentes/mgi_ptd_2025_2027_anexo_de_entregas_assinado_assinado_assinado.pdf
MIDR,,True,True,https://www.gov.br/governodigital/pt-br/estrategias-e-governanca-digital/planos-de-transformacao-digital/ptds-vigentes/ptd_midr-docdiretivo_aprovado_assinado_tarjado.pdf,https://www.gov.br/governodigital/pt-br/estrategias-e-governanca-digital/planos-de-transformacao-digital/ptds-vigentes/ptd_midr_-_anexo_de_entregas_-_aprovado_assinado.pdf
MINC,,True,True,https://www.gov.br/governodigital/pt-br/estrategias-e-governanca-digital/planos-de-transformacao-digital/ptds-vigentes/minc_ptd_2025_2027_docdiretivo_assinado-1_assinado_assinado-copia_tarjada.pdf,https://www.gov.br/governodigital/pt-br/estrategias-e-governanca-digital/planos-de-transformacao-digital/ptds-vigentes/minc_ptd_2025_2027_anexo_de_entregas_assinado-1_assinado_assinado-copia_tarjada.pdf
MJSP,,True,True,https://www.gov.br/governodigital/pt-br/estrategias-e-governanca-digital/planos-de-transformacao-digital/ptds-vigentes/mjsp_ptd_docdiretivo_assinado_2025_2026_assinado_assinado-copia_tarjada.pdf,https://www.gov.br/governodigital/pt-br/estrategias-e-governanca-digital/planos-de-transformacao-digital/ptds-vigentes/mjsp_ptd_anexo_de_entregas_assinado_v1_assinado_assinado-copia_tarjada.pdf
MMA,,True,True,https://www.gov.br/governodigital/pt-br/estrategias-e-governanca-digital/planos-de-transformacao-digital/ptds-vigentes/mma_ptd_docdiretivo_assinado_2025_2026-1_assinado_assinado-copia_tarjada.pdf,https://www.gov.br/governodigital/pt-br/estrategias-e-governanca-digital/planos-de-transformacao-digital/ptds-vigentes/mma_ptd_anexo_de_entregas_aprovado_final_assinado_assinado-copia_tarjada.pdf
MME,,True,True,https://www.gov.br/governodigital/pt-br/estrategias-e-governanca-digital/planos-de-transformacao-digital/ptds-vigentes/mme_ptd_2025_2027_docdiretivo_assinado-copia_tarjada.pdf,https://www.gov.br/governodigital/pt-br/estrategias-e-governanca-digital/planos-de-transformacao-digital/ptds-vigentes/mme_ptd_2025_2027_anexo_de_entregas_assinado__1_-copia_tarjada.pdf
MMULHERES,,True,True,https://www.gov.br/governodigital/pt-br/estrategias-e-governanca-digital/planos-de-transformacao-digital/ptds-vigentes/mmulheres_ptd_2025_2027_docdiretivo_assinado_assinado_assinado-copia_tarjada.pdf,https://www.gov.br/governodigital/pt-br/estrategias-e-governanca-digital/planos-de-transformacao-digital/ptds-vigentes/mmulheres_ptd_2025_2027_anexo_de_entregas_assinado_assinado_assinado-copia_tarjada.pdf
MPI,,True,True,https://www.gov.br/governodigital/pt-br/estrategias-e-governanca-digital/planos-de-transformacao-digital/ptds-vigentes/mpi_ptd_2025_2027_docdiretivo_ministerio_dos_povos_indigenas_assinado_copia-tarjada.pdf,https://www.gov.br/governodigital/pt-br/estrategias-e-governanca-digital/planos-de-transformacao-digital/ptds-vigentes/mpi_ptd_anexo_de_entregas_do_plano_de_tranformacao_digital_ministerio_dos_povos_indigenas_assinado_copia-tarjada.pdf
MPO,,True,True,https://www.gov.br/governodigital/pt-br/estrategias-e-governanca-digital/planos-de-transformacao-digital/ptds-vigentes/mpo_ptd_docdiretivo_assinado_2025_2026_assinado_assinado-copia_tarjada.pdf,https://www.gov.br/governodigital/pt-br/estrategias-e-governanca-digital/planos-de-transformacao-digital/ptds-vigentes/mpo_ptd_anexo_de_entregas_assinado_v1_assinado_assinado-copia_tarjada.pdf
MPOR,,True,True,https://www.gov.br/governodigital/pt-br/estrategias-e-governanca-digital/planos-de-transformacao-digital/ptds-vigentes/mpor_ptd_2025_2027_docdiretivo_assinado_assinado_assinado_tarjado.pdf,https://www.gov.br/governodigital/pt-br/estrategias-e-governanca-digital/planos-de-transformacao-digital/ptds-vigentes/mpor_ptd_2025_2027_anexo_de_entregas_assinado_assinado_assinado.pdf
MPS,,True,True,https://www.gov.br/governodigital/pt-br/estrategias-e-governanca-digital/planos-de-transformacao-digital/ptds-vigentes/mps_ptd_2025-2026_docdiretivo_final_assinado-1_assinado_assinado-copia_tarjada.pdf,https://www.gov.br/governodigital/pt-br/estrategias-e-governanca-digital/planos-de-transformacao-digital/ptds-vigentes/mps_ptd_2025-2026_anexo_de_entregas_final_assinado_assinado_assinado-copia_tarjada.pdf
MRE,,True,True,https://www.gov.br/governodigital/pt-br/estrategias-e-governanca-digital/planos-de-transformacao-digital/ptds-vigentes/mre_ptd_docdiretivo_assinado_2025_2026_assinado_assinado-copia_tarjada.pdf,https://www.gov.br/governodigital/pt-br/estrategias-e-governanca-digital/planos-de-transformacao-digital/ptds-vigentes/mre_ptd_anexo_de_entregas_assinado_v1_assinado_assinado-copia_tarjada.pdf
MT,,False,True,,https://www.gov.br/governodigital/pt-br/estrategias-e-governanca-digital/planos-de-transformacao-digital/ptds-vigentes/mt_anexo_de_entregas_-_assinado_assinado_assinado_copia_tarjada.pdf
MTE,,True,True,https://www.gov.br/governodigital/pt-br/estrategias-e-governanca-digital/planos-de-transformacao-digital/ptds-vigentes/mte_ptd_2025_2026_docdiretivo_assinado_assinado_assinado-copia_tarjada.pdf,https://www.gov.br/governodigital/pt-br/estrategias-e-governanca-digital/planos-de-transformacao-digital/ptds-vigentes/mte_ptd_anexo_de_entregas_assinado_v1__281_29_assinado_assinado-copia_tarjada.pdf
MTUR,,True,True,https://www.gov.br/governodigital/pt-br/estrategias-e-governanca-digital/planos-de-transformacao-digital/ptds-vigentes/mtur_ptd_docdiretiv_assinado_30_01_2025_assinado_assinado-copia_tarjada.pdf,https://www.gov.br/governodigital/pt-br/estrategias-e-governanca-digital/planos-de-transformacao-digital/ptds-vigentes/mtur_ptd_anexo_de_entregas_assinado_30_01_2025_assinado_assinado-copia_tarjada.pdf
PF,,True,True,https://www.gov.br/governodigital/pt-br/estrategias-e-governanca-digital/planos-de-transformacao-digital/ptds-vigentes/pf_ptd_docdiretivo_2025_2027_assinado-copia_tarjada.pdf,https://www.gov.br/governodigital/pt-br/estrategias-e-governanca-digital/planos-de-transformacao-digital/ptds-vigentes/pf_ptd_anexo_de_entregas_2025_2027_assinado-copia_tarjada.pdf
PGFN,MF,True,True,https://www.gov.br/governodigital/pt-br/estrategias-e-governanca-digital/planos-de-transformacao-digital/ptds-vigentes/mf_ptd_2026_2027_documentodiretivo_assinado_assinado_assinado_tarjado.pdf,https://www.gov.br/governodigital/pt-br/estrategias-e-governanca-digital/planos-de-transformacao-digital/ptds-vigentes/mf_ptd_2026_2027_anexo_de_entregas_4_mf_pgfn_assinado_assinado_assinado_assinado.pdf
PREVIC,,True,True,https://www.gov.br/governodigital/pt-br/estrategias-e-governanca-digital/planos-de-transformacao-digital/ptds-vigentes/previc_plano_de_transformacao_digital_2025_2026_29abr2025_assinado_29_assinado_assinado-copia_tarjada.pdf,https://www.gov.br/governodigital/pt-br/estrategias-e-governanca-digital/planos-de-transformacao-digital/ptds-vigentes/previc_ptd_repactuacao_2025-2026_assinado_assinado_assinado_copia_tarjada.pdf
PRF,,True,True,https://www.gov.br/governodigital/pt-br/estrategias-e-governanca-digital/planos-de-transformacao-digital/ptds-vigentes/prf_documentodiretivo_ptd_2026-2027_assinado_tarjado.pdf,https://www.gov.br/governodigital/pt-br/estrategias-e-governanca-digital/planos-de-transformacao-digital/ptds-vigentes/prf_anexo_de_entregas_do_ptd__2026_2027___ptd___entregas_assinado.pdf
RFB,MF,True,True,https://www.gov.br/governodigital/pt-br/estrategias-e-governanca-digital/planos-de-transformacao-digital/ptds-vigentes/mf_ptd_2026_2027_documentodiretivo_assinado_assinado_assinado_tarjado.pdf,https://www.gov.br/governodigital/pt-br/estrategias-e-governanca-digital/planos-de-transformacao-digital/ptds-vigentes/mf_ptd_2026_2027_anexo_de_entregas_4_mf_pgfn_assinado_assinado_assinado_assinado.pdf
SFB,MMA,True,True,https://www.gov.br/governodigital/pt-br/estrategias-e-governanca-digital/planos-de-transformacao-digital/ptds-vigentes/mma_ptd_docdiretivo_assinado_2025_2026-1_assinado_assinado-copia_tarjada.pdf,https://www.gov.br/governodigital/pt-br/estrategias-e-governanca-digital/planos-de-transformacao-digital/ptds-vigentes/mma_ptd_anexo_de_entregas_aprovado_final_assinado_assinado-copia_tarjada.pdf
SGPR,,True,True,https://www.gov.br/governodigital/pt-br/estrategias-e-governanca-digital/planos-de-transformacao-digital/ptds-vigentes/sgpr_ptd_2026_2027_docdiretivo_assinado-copia_tarjada.pdf,https://www.gov.br/governodigital/pt-br/estrategias-e-governanca-digital/planos-de-transformacao-digital/ptds-vigentes/sgpr_ptd_2025_2027_anexo_de_entregas_assinado-copia_tarjada.pdf
STN,MF,True,True,https://www.gov.br/governodigital/pt-br/estrategias-e-governanca-digital/planos-de-transformacao-digital/ptds-vigentes/mf_ptd_2026_2027_documentodiretivo_assinado_assinado_assinado_tarjado.pdf,https://www.gov.br/governodigital/pt-br/estrategias-e-governanca-digital/planos-de-transformacao-digital/ptds-vigentes/mf_ptd_2026_2027_anexo_de_entregas_4_mf_pgfn_assinado_assinado_assinado_assinado.pdf
SUDAM,MIDR,True,True,https://www.gov.br/governodigital/pt-br/estrategias-e-governanca-digital/planos-de-transformacao-digital/ptds-vigentes/ptd_midr-docdiretivo_aprovado_assinado_tarjado.pdf,https://www.gov.br/governodigital/pt-br/estrategias-e-governanca-digital/planos-de-transformacao-digital/ptds-vigentes/ptd_midr_-_anexo_de_entregas_-_aprovado_assinado.pdf
SUDECO,MIDR,True,True,https://www.gov.br/governodigital/pt-br/estrategias-e-governanca-digital/planos-de-transformacao-digital/ptds-vigentes/ptd_midr-docdiretivo_aprovado_assinado_tarjado.pdf,https://www.gov.br/governodigital/pt-br/estrategias-e-governanca-digital/planos-de-transformacao-digital/ptds-vigentes/ptd_midr_-_anexo_de_entregas_-_aprovado_assinado.pdf
SUDENE,MIDR,True,True,https://www.gov.br/governodigital/pt-br/estrategias-e-governanca-digital/planos-de-transformacao-digital/ptds-vigentes/ptd_midr-docdiretivo_aprovado_assinado_tarjado.pdf,https://www.gov.br/governodigital/pt-br/estrategias-e-governanca-digital/planos-de-transformacao-digital/ptds-vigentes/ptd_midr_-_anexo_de_entregas_-_aprovado_assinado.pdf
SUSEP,,True,True,https://www.gov.br/governodigital/pt-br/estrategias-e-governanca-digital/planos-de-transformacao-digital/ptds-vigentes/susep_ptd_2025_2027_docdiretivo-assinado-copia_tarjada.pdf,https://www.gov.br/governodigital/pt-br/estrategias-e-governanca-digital/planos-de-transformacao-digital/ptds-vigentes/susep_ptd_2025-2026_anexo_de_entregas_final_assinado-copia_tarjada.pdf
